{
  "com.liferay.oauth2.provider.configuration.OAuth2ProviderApplicationHeadlessServerConfiguration~liferay-inclusive-site-initializer-oauth-application-headless-server" : {
    ".serviceAddress" : "localhost:8080",
    ".serviceScheme" : "http",
    ":configurator:policy" : "force",
    "baseURL" : "${portalURL}/o/liferayinclusive-site-initializer",
    "buildTimestamp" : 1731158925404,
    "description" : "",
    "dxp.lxc.liferay.com.virtualInstanceId" : "default",
    "homePageURL" : "$[conf:.serviceScheme]://$[conf:.serviceAddress]",
    "name" : "LiferayInclusive OAuth Application Headless Server",
    "projectId" : "liferayinclusivesiteinitializer",
    "projectName" : "liferayinclusive-site-initializer",
    "properties" : [ ],
    "scopes" : [ "Liferay.Headless.Site.everything" ],
    "sourceCodeURL" : "",
    "type" : "oAuthApplicationHeadlessServer",
    "typeSettings" : [ ".serviceScheme=http", "scopes=Liferay.Headless.Site.everything", ".serviceAddress=localhost:8080" ],
    "webContextPath" : "/liferayinclusive-site-initializer"
  }
}